{"mean":{"confidence_interval":{"confidence_level":0.95,"lower_bound":0.05347267595188197,"upper_bound":0.1350315626792623},"point_estimate":0.09447983805772875,"standard_error":0.02069278248002829},"median":{"confidence_interval":{"confidence_level":0.95,"lower_bound":0.033132136953050395,"upper_bound":0.13864223659104535},"point_estimate":0.07820750748318739,"standard_error":0.02635347724338434}}