{"mean":{"confidence_interval":{"confidence_level":0.95,"lower_bound":-0.07745196069885657,"upper_bound":-0.030362535177568484},"point_estimate":-0.0553961456350901,"standard_error":0.01153623262221241},"median":{"confidence_interval":{"confidence_level":0.95,"lower_bound":-0.057706276889273656,"upper_bound":-0.05184560327603838},"point_estimate":-0.05437166322619169,"standard_error":0.0014485167520913197}}