{"mean":{"confidence_interval":{"confidence_level":0.95,"lower_bound":-0.21814563233648437,"upper_bound":-0.18471764819515196},"point_estimate":-0.2022992077470369,"standard_error":0.008279586626261014},"median":{"confidence_interval":{"confidence_level":0.95,"lower_bound":-0.2036770325413656,"upper_bound":-0.2013166349187393},"point_estimate":-0.20248644150363815,"standard_error":0.0005407031275954283}}