{"mean":{"confidence_interval":{"confidence_level":0.95,"lower_bound":2838.292295634971,"upper_bound":2985.881223137429},"point_estimate":2906.730234065189,"standard_error":37.695425852356884},"median":{"confidence_interval":{"confidence_level":0.95,"lower_bound":2680.569131201595,"upper_bound":2775.903896103896},"point_estimate":2686.7731340763257,"standard_error":22.412642872428403},"median_abs_dev":{"confidence_interval":{"confidence_level":0.95,"lower_bound":9.23600178342714,"upper_bound":149.10789036154097},"point_estimate":20.22477772474289,"standard_error":32.76251387338646},"slope":{"confidence_interval":{"confidence_level":0.95,"lower_bound":2737.9531400389064,"upper_bound":2832.6608701587948},"point_estimate":2780.138381848419,"standard_error":24.31601376565118},"std_dev":{"confidence_interval":{"confidence_level":0.95,"lower_bound":264.7665523842576,"upper_bound":515.0601519729423},"point_estimate":380.0083783175463,"standard_error":75.25356028386832}}