{"mean":{"confidence_interval":{"confidence_level":0.95,"lower_bound":41275.10180640512,"upper_bound":41570.60670569074},"point_estimate":41418.64130104023,"standard_error":75.68864313801217},"median":{"confidence_interval":{"confidence_level":0.95,"lower_bound":41043.02955052325,"upper_bound":41453.09051724138},"point_estimate":41223.99939179375,"standard_error":113.11024728569369},"median_abs_dev":{"confidence_interval":{"confidence_level":0.95,"lower_bound":469.3753883910617,"upper_bound":818.4062301051522},"point_estimate":627.9113605728398,"standard_error":84.28848568098336},"slope":{"confidence_interval":{"confidence_level":0.95,"lower_bound":41396.31493044756,"upper_bound":41712.437437662535},"point_estimate":41555.99513767795,"standard_error":80.06796543036005},"std_dev":{"confidence_interval":{"confidence_level":0.95,"lower_bound":612.3062033167148,"upper_bound":897.8708070929598},"point_estimate":762.2356132920221,"standard_error":72.87669659323376}}