{"mean":{"confidence_interval":{"confidence_level":0.95,"lower_bound":6419.9016722303095,"upper_bound":6732.502916906043},"point_estimate":6560.140016976145,"standard_error":79.87817637629004},"median":{"confidence_interval":{"confidence_level":0.95,"lower_bound":6691.976994535519,"upper_bound":6762.371666666667},"point_estimate":6728.1417,"standard_error":33.574981308696366},"median_abs_dev":{"confidence_interval":{"confidence_level":0.95,"lower_bound":252.89984698342025,"upper_bound":714.3733253545971},"point_estimate":343.14576324033163,"standard_error":109.95577602699991},"slope":{"confidence_interval":{"confidence_level":0.95,"lower_bound":6037.823733304973,"upper_bound":6221.080632226572},"point_estimate":6119.993223072755,"standard_error":46.82416622653341},"std_dev":{"confidence_interval":{"confidence_level":0.95,"lower_bound":482.40764389500373,"upper_bound":1178.589205106374},"point_estimate":799.4524783451373,"standard_error":218.80203645466256}}