{"mean":{"confidence_interval":{"confidence_level":0.95,"lower_bound":-0.04115444110871484,"upper_bound":0.04515547087309194},"point_estimate":0.0006155864595833727,"standard_error":0.022189639662509898},"median":{"confidence_interval":{"confidence_level":0.95,"lower_bound":-0.02031045506923712,"upper_bound":0.038863096633563465},"point_estimate":0.013977229693831639,"standard_error":0.01515729250110617}}